home_id,title,postcode,price,street,houseNumber,city,quarter,latitude,longitude,livingSpace,numberOfRooms,balcony,garden,monthlyRate,builtInKitchen,home_url
133273016,Perfekt für Singles und Paare! Moderne 2-Zimmer Wohnung mit Balkon,13581,995.0,Grünhofer Weg,30,Berlin,Spandau (Spandau),52.5309,13.18715,71.16,2.0,true,false,N/A,true,https://www.immobilienscout24.de/expose/133273016
131547630,Anspruchsvolles Wohnen im Neubauquartier Be MAX in Charlottenburg-Wilmersdorf,14199,1070.0,Helene-Jacobs-Straße,28,Berlin,Schmargendorf (Wilmersdorf),52.47899,13.29765,56.09,2.0,true,false,N/A,true,https://www.immobilienscout24.de/expose/131547630
133310553,Mach dein Wohnglück perfekt: Moderne 2-Zimmer Wohnung mit Einbauküche in Schmargendorf,14199,1095.0,Werner-Richard-Heymann-Platz,4,Berlin,Schmargendorf (Wilmersdorf),52.47891,13.29779,55.18,2.0,true,false,N/A,true,https://www.immobilienscout24.de/expose/133310553
133310442,NEUBAU! ERSTBEZUG! Helle 3-Zimmer Wohnung,14199,1495.0,Helene-Jacobs-Straße,10,Berlin,Schmargendorf (Wilmersdorf),52.47925,13.29831,78.57,3.0,true,false,N/A,true,https://www.immobilienscout24.de/expose/133310442
133310529,NEUBAU! ERSTBEZUG! Helle 3-Zimmer Wohnung,14199,1590.0,Werner-Richard-Heymann-Platz,2,Berlin,Schmargendorf (Wilmersdorf),52.47888,13.29809,78.45,3.0,true,false,N/A,true,https://www.immobilienscout24.de/expose/133310529
133310579,Perfekt für kleine Familien! Moderne 3-Zimmer Wohnung in Charlottenburg-Wilmersdorf,14199,1495.0,Werner-Richard-Heymann-Platz,4,Berlin,Schmargendorf (Wilmersdorf),52.47891,13.29779,76.81,3.0,true,false,N/A,true,https://www.immobilienscout24.de/expose/133310579
130236268,Perfekt für uns: großzügige 4-Zimmer-Wohnung mit Einbauküche und Balkon,12103,1699.02,In den Alboingärten,17,Berlin,Schöneberg (Schöneberg),52.46068,13.36457,107.2,4.0,true,false,N/A,true,https://www.immobilienscout24.de/expose/130236268
132403419,Perfekt für kleine Familien! Moderne 3-Zimmer Wohnung in Charlottenburg-Wilmersdorf,14199,1570.0,Helene-Jacobs-Straße,32,Berlin,Schmargendorf (Wilmersdorf),52.47965,13.29771,83.01,3.0,true,false,N/A,true,https://www.immobilienscout24.de/expose/132403419
133208841,Grünau! Geräumige 4 - Zimmerwohnung zu vermieten,12527,1720.0,Regattastraße,91,Berlin,Grünau (Köpenick),52.41994,13.57912,108.94,4.0,true,false,N/A,true,https://www.immobilienscout24.de/expose/133208841
75694793,Schöne 3-Zimmer-Wohnung zu vermieten!,10405,777.0,Marienburger Straße,33,Berlin,Prenzlauer Berg (Prenzlauer Berg),52.53437,13.42692,64.71,3.0,false,false,N/A,false,https://www.immobilienscout24.de/expose/75694793
133534924,3-Zimmer- Wohnung mit garantiertem Wohlfühlfaktor!!,13405,1800.0,Rue du Capitaine Jean Maridor,3,Berlin,Reinickendorf (Reinickendorf),52.56746,13.30148,102.38,3.0,true,false,N/A,true,https://www.immobilienscout24.de/expose/133534924
124371359,No. 1 Charlottenburg - Luxury Penthouse,10623,4449.43,Wegelystrasse,6,Berlin,Charlottenburg (Charlottenburg),52.51587,13.33335,143.53,3.5,true,false,N/A,true,https://www.immobilienscout24.de/expose/124371359
133481145,Attraktive Neubauwohnung mit 3 Zimmern und Balkon im Stadtgut Hellersdorf! // BEG 240,12629,818.18,Brigitte-Reimann-Straße,10,Berlin,Hellersdorf (Hellersdorf),52.54366,13.59607,74.38,3.0,true,false,N/A,false,https://www.immobilienscout24.de/expose/133481145
131922891,Möbliertes Wohnen für Young Professionals in Friedrichshain – unit36 Classic Line,10247,590.0,Gürtelstraße,36,Berlin,Friedrichshain (Friedrichshain),52.51061,13.47465,21.0,1.0,false,true,N/A,false,https://www.immobilienscout24.de/expose/131922891
131589336,Möbliertes 1-Zimmer-Apartment – unit36 Compact Line,10247,490.0,Gürtelstraße,36,Berlin,Friedrichshain (Friedrichshain),52.51061,13.47465,18.0,1.0,false,true,N/A,false,https://www.immobilienscout24.de/expose/131589336
131922892,Stilvolle bezugsfertige Apartments in Berlin Friedrichshain – unit36 Convenient Line,10247,810.0,Gürtelstr.,36,Berlin,Friedrichshain (Friedrichshain),52.51061,13.47465,27.0,1.0,false,true,N/A,false,https://www.immobilienscout24.de/expose/131922892
132452101,Luxus mit Wasserblick: 5 Zimmer Wohnung am Maybachufer,12047,3969.0,Maybachufer,37-38,Berlin,Neukölln (Neukölln),52.49207,13.43215,188.02,5.0,false,false,N/A,true,https://www.immobilienscout24.de/expose/132452101
133094166,Auf 2 Etagen: Großzügige 164m² Wohnraum,14050,2428.84,Nussbaumallee,14,Berlin,Charlottenburg (Charlottenburg),52.51761,13.273,164.0,3.0,true,false,N/A,false,https://www.immobilienscout24.de/expose/133094166
133467078,Luxus-Wohnung in der Villa Grunewaldherz,14195,8000.0,N/A,N/A,Berlin,Schmargendorf (Wilmersdorf),N/A,N/A,188.01,4.0,true,true,N/A,true,https://www.immobilienscout24.de/expose/133467078
133555705,Möbliertes Studio Nähe Boxhagener Platz im Neubau-Erstbezug,10247,1100.0,Kreutziger Straße,14,Berlin,Friedrichshain (Friedrichshain),52.51296,13.45948,26.34,1.0,true,false,N/A,true,https://www.immobilienscout24.de/expose/133555705
117126387,Nido I All-inclusive Wohnen - Zimmer für's Frühjahr '22 sichern,14199,719.0,Breite Straße,"42, 42A-B",Berlin,Schmargendorf (Wilmersdorf),52.4736,13.29542,33.0,1.0,true,true,N/A,true,https://www.immobilienscout24.de/expose/117126387
132845476,Familienfreundliches Townhouse mit großzügiger Terrasse im Herzen von Berlin,10117,5193.2,Leipziger Platz,12,Berlin,Mitte (Mitte),52.51041,13.38063,242.51,7.0,true,false,N/A,true,https://www.immobilienscout24.de/expose/132845476
132872297,Ihr neues Zuhause: individuelle 2-Zimmer-Wohnung mit 2 Terrassen und Einbauküche!,12103,1414.87,In den Alboingärten,23,Berlin,Schöneberg (Schöneberg),52.46068,13.36375,81.12,2.0,true,false,N/A,true,https://www.immobilienscout24.de/expose/132872297
132385890,"Individuelle 2,5-Zimmer-Wohnung mit großer Terrasse und Einbauküche",12103,1958.42,In den Alboingärten,21,Berlin,Schöneberg (Schöneberg),52.46044,13.36367,101.11,2.5,true,false,N/A,true,https://www.immobilienscout24.de/expose/132385890
130888346,Gemütliche 2 Zimmerwohnung im Herzen von Berlin,10117,2158.4,Leipziger Platz,12,Berlin,Mitte (Mitte),52.51041,13.38063,89.33,2.0,true,false,N/A,true,https://www.immobilienscout24.de/expose/130888346
133524194,B.PLACE - Stilvolle 2-Zimmer Wohnung im urbanen Zentrum Berlins mit großem Balkon,10117,2100.0,Cora-Berliner-Straße,2-4,Berlin,Mitte (Mitte),52.51441,13.38003,61.0,2.0,true,true,N/A,true,https://www.immobilienscout24.de/expose/133524194
133579356,"Stilvolle, modernisierte 2,5-Zimmer-Wohnung mit Balkon",13593,973.0,N/A,N/A,Berlin,Staaken (Spandau),N/A,N/A,76.0,3.0,true,false,N/A,true,https://www.immobilienscout24.de/expose/133579356
133505181,"Möbliertes 1-Zimmer-Wohnung in Berlin, Innenstadt",10117,550.0,N/A,N/A,Berlin,Mitte (Mitte),N/A,N/A,34.0,1.0,true,false,N/A,true,https://www.immobilienscout24.de/expose/133505181
132820207,Erstbezug - Traumhaftes Wohnen am Volkspark Friedrichshain,10245,2500.0,"Landsberger Allee, WE01",20-22,Berlin,Friedrichshain (Friedrichshain),52.52312,13.43637,123.0,1.0,true,false,N/A,true,https://www.immobilienscout24.de/expose/132820207
132820275,Erstbezug - Wohnung mit Terrasse am Volkspark Friedrichshain!,10245,2300.0,"Landsberger Allee, WE04",20-22,Berlin,Friedrichshain (Friedrichshain),52.52312,13.43637,113.0,1.0,true,false,N/A,true,https://www.immobilienscout24.de/expose/132820275
133449674,Atemberaubendes Townhouse mit Wasserblick!,10115,8500.0,An der Kieler Brücke,24,Berlin,Mitte (Mitte),52.53622,13.36715,373.0,6.0,true,false,N/A,true,https://www.immobilienscout24.de/expose/133449674
132963484,2-Zi-Penthouse-Whg mit großer Terrasse u. bodentiefen Fenstern EBK u. Aufzug,10435,2744.0,N/A,N/A,Berlin,Prenzlauer Berg (Prenzlauer Berg),N/A,N/A,107.68,2.0,true,false,N/A,true,https://www.immobilienscout24.de/expose/132963484
133571880,An der Spree gg der Museumsinsel 4 Zi-Whg mit Balkon Aufzug TG u. Concierge (2.1),10178,3166.14,N/A,N/A,Berlin,Mitte (Mitte),N/A,N/A,190.4,4.0,true,false,N/A,true,https://www.immobilienscout24.de/expose/133571880
133446004,Wunderschöne 2 Zimmer Wohnung in direkter Umgebung des Volkspark Friedrichshain,10249,1820.0,Auerstraße,47,Berlin,Friedrichshain (Friedrichshain),52.52139,13.44622,47.0,2.0,true,false,N/A,true,https://www.immobilienscout24.de/expose/133446004
131028289,Neue 2-Zimmer-Wohnung in Tiergarten!,10785,1279.0,Dennewitzstrasse,36-40,Berlin,Tiergarten (Tiergarten),52.49949,13.3702,58.18,2.0,true,false,N/A,false,https://www.immobilienscout24.de/expose/131028289
133356505,"Wohnen direkt am Tauentzien, Nähe KaDeWe",10789,1109.0,Nürnberger Straße,20,Berlin,Charlottenburg (Charlottenburg),52.502,13.33748,52.56,2.0,false,false,N/A,false,https://www.immobilienscout24.de/expose/133356505
133547207,Super gelegene 3 Zimmer Neubauwohnung mit toller Austattung direkt am Park am Gleisdreieck.,10783,2750.0,Dennewitzstraße,40,Berlin,Tiergarten (Tiergarten),52.49922,13.37027,76.0,3.0,true,false,N/A,true,https://www.immobilienscout24.de/expose/133547207
133271253,Barrierefrei Wohnen und Leben in Bohnsdorf - Erdgeschosswohnung mit Stellplatz,12526,1259.7,N/A,N/A,Berlin,Bohnsdorf (Treptow),N/A,N/A,74.1,3.0,false,false,N/A,true,https://www.immobilienscout24.de/expose/133271253
133441413,ERSTBEZUG NAHE KU´DAMM: sehr helle und großzügige Wohnung in urbaner Citylage,10785,3750.0,N/A,N/A,Berlin,Tiergarten (Tiergarten),N/A,N/A,152.0,4.0,true,true,N/A,true,https://www.immobilienscout24.de/expose/133441413
133564466,Ruhig und elegant: 2-Zimmer-Wohnung mit Süd-Balkon in Biesdorf,12683,1264.0,N/A,N/A,Berlin,Biesdorf (Marzahn),N/A,N/A,64.83,2.0,true,false,N/A,false,https://www.immobilienscout24.de/expose/133564466
133023844,Maison Roseneck: Exklusive Single-Wohnung mit Sonnenbalkon im Erstbezug,14199,1123.0,Ruhlaer Straße,21,Berlin,Schmargendorf (Wilmersdorf),52.47785,13.28436,43.2,2.0,true,false,N/A,true,https://www.immobilienscout24.de/expose/133023844
133327547,"Geräumige 4,5 Zimmerwohnung in ruhiger Lage!",13088,1649.0,Bizetstraße,123,Berlin,Weißensee (Weißensee),52.55031,13.46323,126.77,4.5,true,false,N/A,false,https://www.immobilienscout24.de/expose/133327547
133061501,Topsanierte Ladeneinheit in Lichterfelde mit großer Freifläche zu vermieten,12207,1622.0,Morgensternstr.,12,Berlin,Lichterfelde (Steglitz),52.42634,13.31751,64.88,2.0,true,false,N/A,false,https://www.immobilienscout24.de/expose/133061501
131229396,Hochwertige Dachgeschosswohnung In TOP Lage unweit Ludwigkirchplatz,10707,4900.0,N/A,N/A,Berlin,Wilmersdorf (Wilmersdorf),N/A,N/A,210.0,4.0,true,false,N/A,true,https://www.immobilienscout24.de/expose/131229396
130384078,***Erstbezug*** Wohnen über den Dächern von Charlottenburg!,14057,2640.0,Witzlebenstraße,25,Berlin,Charlottenburg (Charlottenburg),52.50709,13.29308,125.8,2.0,true,false,N/A,false,https://www.immobilienscout24.de/expose/130384078
130382156,***Erstbezug*** Wohnen über den Dächern von Charlottenburg!,14057,2935.0,Neue Kantstraße,4,Berlin,Charlottenburg (Charlottenburg),52.50711,13.29323,144.4,4.0,true,false,N/A,false,https://www.immobilienscout24.de/expose/130382156
133554007,Modernisierte 1- Zimmerwohnung mit Balkon und Einbauküche zu vermieten,12249,639.0,Derfflingerstr.,34 a,Berlin,Lankwitz (Steglitz),52.42964,13.33825,38.37,1.0,true,false,N/A,true,https://www.immobilienscout24.de/expose/133554007
132601140,Penthouse Wohnung Waidmannslust  (Reinickendorf),13469,2300.0,N/A,N/A,Berlin,Waidmannslust (Reinickendorf),N/A,N/A,115.0,3.0,true,false,N/A,false,https://www.immobilienscout24.de/expose/132601140
79149116,Wohnung grünes Steglitz/Lichterfelde 3 Zimmer,12203,976.91,Lipaer Straße,26,Berlin,Lichterfelde (Steglitz),52.44669,13.31147,88.81,3.0,true,false,N/A,false,https://www.immobilienscout24.de/expose/79149116
133554350,Modernisierte 3-Raum-Wohnung mit Balkon und Einbauküche in Berlin-Tiergarten,10551,1760.0,Emdener Straße,48,Berlin,Tiergarten (Tiergarten),52.52998,13.33319,74.0,3.0,true,false,N/A,true,https://www.immobilienscout24.de/expose/133554350
133553483,Leben an der Havel - Erstbezug - moderne Wohnung mit wunderschönem Blick vom Balkon,13585,1040.0,Parkstr.,20,Berlin,Spandau (Spandau),52.55071,13.21337,48.0,2.0,true,false,N/A,true,https://www.immobilienscout24.de/expose/133553483
133551708,Sonniger Garten und Terrasse in Biesdorf: Barrierefreie 2-Zimmer-Wohnung am Schlosspark,12683,1333.0,N/A,N/A,Berlin,Biesdorf (Marzahn),N/A,N/A,68.36,2.0,true,true,N/A,false,https://www.immobilienscout24.de/expose/133551708
133546360,Barrierefrei in Biesdorf: Lichtdurchflutete 2-Zimmer-Wohnung mit Terrasse und Privatgarten,12683,1177.0,N/A,N/A,Berlin,Biesdorf (Marzahn),N/A,N/A,60.36,2.0,true,true,N/A,false,https://www.immobilienscout24.de/expose/133546360
133112484,3-Zimmer Apartment in der Köpenicker Innenstadt!,12555,1035.75,Parrisiusstraße ,2,Berlin,Köpenick (Köpenick),52.45704,13.57826,82.86,3.0,false,false,N/A,true,https://www.immobilienscout24.de/expose/133112484
133422539,"Hochwertiges Altbau!  2-Zimmer-Wohnung mit EBK in Mitte, Berlin",10117,1700.0,Auguststraße,88,Berlin,Mitte (Mitte),52.52619,13.39107,50.0,2.0,false,false,N/A,true,https://www.immobilienscout24.de/expose/133422539
126969853,Single East Side Apartment - all inclusive Miete & voll möbliert - urban & idyllisch ab 15.06.2022,10243,1000.0,Helsingforser Straße,15,Berlin,Friedrichshain (Friedrichshain),52.51006,13.44615,26.0,1.5,false,false,N/A,true,https://www.immobilienscout24.de/expose/126969853
130678114,Berlins historische Mitte: 2-Zimmer Stadtresidenz im Erstbezug mit Concierge und Schloss Nähe,10117,2500.0,Niederlagstraße,9,Berlin,Mitte (Mitte),52.51623,13.39776,68.0,2.0,false,false,N/A,true,https://www.immobilienscout24.de/expose/130678114
133467377,++ Nur mit WBS !!!!! +++,12103,714.49,Manteuffelstr.,5,Berlin,Tempelhof (Tempelhof),52.46509,13.3771,65.37,3.0,false,false,N/A,false,https://www.immobilienscout24.de/expose/133467377
133538954,"Sehr helle 2-Zimmer-Whg. möbliert, komplett-saniert mit EBK, im 4. OG mit Aufzug, Balkon",10709,870.0,Albrecht-Achilles-Straße,6,Berlin,Wilmersdorf (Wilmersdorf),52.49674,13.30314,50.0,2.0,true,false,N/A,true,https://www.immobilienscout24.de/expose/133538954
130278139,Erstbezug! Dachgeschoss mit Terrasse nahe Körnerpark!,12053,1252.0,Rübelandstr.,3,Berlin,Neukölln (Neukölln),52.47302,13.43825,50.07,2.0,true,false,N/A,false,https://www.immobilienscout24.de/expose/130278139
133412647,"Traumhafte Wohnung mit Garten in einer Villa ""Am Kirschgarten""",13127,2205.0,N/A,N/A,Berlin,Französisch Buchholz (Pankow),N/A,N/A,105.0,3.0,true,true,N/A,true,https://www.immobilienscout24.de/expose/133412647
133534915,Traumhafte sonnige 4 Zimmer Wohnung in Bestlage Friedrichshain/am Ostkreuz (WE 36),10245,1950.0,Sonntagstr.,28,Berlin,Friedrichshain (Friedrichshain),52.50606,13.46561,102.0,4.0,true,false,N/A,true,https://www.immobilienscout24.de/expose/133534915
130418776,"Erstbezug: exklusive, geräumige 3,5-Zimmer-Wohnung mit EBK, teilmöbiliert Balkon in Mitte, Berlin",10179,2990.0,Voltairestr.,11,Berlin,Mitte (Mitte),52.51789,13.41698,114.0,3.5,true,false,N/A,true,https://www.immobilienscout24.de/expose/130418776
129788164,Rooftop-Penthouse mit wunderbarem Ausblick in stilvoll saniertem Altbau,10707,1320.0,Zähringerstraße,28,Berlin,Wilmersdorf (Wilmersdorf),52.49593,13.31135,53.0,2.0,true,false,N/A,true,https://www.immobilienscout24.de/expose/129788164
132822793,Großzügige Pärchenwohnung mit Balkon,13587,789.0,Am Forstacker,33,Berlin,Spandau (Spandau),52.56549,13.20077,71.46,2.0,true,false,N/A,false,https://www.immobilienscout24.de/expose/132822793
124133027,"Neubau: attraktive 3-Zimmer-Wohnung mit EBK und Balkon in Friedrichsfelde (Lichtenberg), Berlin",10315,1175.0,Alfred-Kowalke-Straße,20,Berlin,Friedrichsfelde (Lichtenberg),52.50697,13.52313,66.0,3.0,true,false,N/A,true,https://www.immobilienscout24.de/expose/124133027
133523989,"Neu! Berlin-Staaken! Tolle Wohnungen mit hochwertiger Ausstattung in Grünlage! Terrasse, Pk, ...",13591,700.0,Metropolitan Park,63,Berlin,Staaken (Spandau),52.53158,13.13522,58.0,2.0,true,true,N/A,false,https://www.immobilienscout24.de/expose/133523989
132082442,Luxuriöser Neubau -  Lichtdurchflutete 3 Zimmer Wohnung!,13086,1952.5,Brauhausstraße ,16A,Berlin,Weißensee (Weißensee),52.55555,13.43158,88.75,3.0,true,false,N/A,true,https://www.immobilienscout24.de/expose/132082442
126893996,Extravagant ausgebautes Dachgeschoss mit exklusiver Dachterrasse !,12555,2660.0,Stellingdamm,3,Berlin,Köpenick (Köpenick),52.45924,13.58105,190.0,2.0,true,false,N/A,true,https://www.immobilienscout24.de/expose/126893996
126892297,Großzügige Dachgeschosswohnung! ,12555,1540.0,Stellingdamm,2,Berlin,Köpenick (Köpenick),52.45923,13.58081,110.0,2.0,true,false,N/A,true,https://www.immobilienscout24.de/expose/126892297
126891829,Lichtdurchflutetes Dachgeschoss mit eigener Dachterrasse !,12555,1680.0,Stellingdamm,2,Berlin,Köpenick (Köpenick),52.45923,13.58081,120.0,2.0,true,false,N/A,true,https://www.immobilienscout24.de/expose/126891829
132257835,Schicke Dachgeschosswohnung mit 2 Terrassen und EBK! Erstbezug!,14199,1736.5,Hohenzollerndamm,57,Berlin,Schmargendorf (Wilmersdorf),52.48648,13.29716,69.45,3.0,true,false,N/A,false,https://www.immobilienscout24.de/expose/132257835
133160762,Ruhiger möblierter 3-Zimmer-Neubau mit Terrasse & Stellplatz & Garten,13129,1200.0,N/A,N/A,Berlin,Blankenburg (Weißensee),N/A,N/A,65.0,3.0,true,true,N/A,true,https://www.immobilienscout24.de/expose/133160762
133512895,"Lichtdurchflutete 2,5-Zimmer-Wohnung im Dachgeschoß",12437,1280.0,Behringstr.,29,Berlin,Baumschulenweg (Treptow),52.46559,13.49055,70.67,2.5,true,true,N/A,true,https://www.immobilienscout24.de/expose/133512895
133378270,Attraktive Maisonette-Wohnung mit privater Garage,10585,2684.0,Zillestr.,50,Berlin,Charlottenburg (Charlottenburg),52.51369,13.30891,134.2,3.0,true,false,N/A,true,https://www.immobilienscout24.de/expose/133378270
131944146,"Else-Lasker-Schüler-Straße 2, 10783 Berlin",10783,4900.0,Else-Lasker-Schüler-Straße,2,Berlin,Schöneberg (Schöneberg),52.50057,13.35731,165.0,3.0,true,false,N/A,true,https://www.immobilienscout24.de/expose/131944146
132173380,Blick auf den Alexanderplatz | 10.OG im GRANDAIRE | Concierge | Dachterasse | GYM..,10179,2402.0,Voltairestraße,11,Berlin,Mitte (Mitte),52.51789,13.41698,98.25,3.0,true,false,N/A,false,https://www.immobilienscout24.de/expose/132173380
112579549,Viel Platz für SIE!,10719,2770.42,Meinekestraße ,22,Berlin,Charlottenburg (Charlottenburg),52.50165,13.32927,163.93,4.0,true,false,N/A,true,https://www.immobilienscout24.de/expose/112579549
114178861,**Schöne Maisonette im Grünen**,14193,3473.73,Koenigsallee,19a,Berlin,Grunewald (Wilmersdorf),52.49072,13.27725,206.77,3.0,true,true,N/A,true,https://www.immobilienscout24.de/expose/114178861
133123227,Schön ausgestattete 2 Zimmer Wohnung in direkter Umgebung des Potsdamer Platz & Nollendorfplatz,10785,2580.0,Schönegarten,5,Berlin,Tiergarten (Tiergarten),52.50133,13.35922,75.0,2.0,true,false,N/A,true,https://www.immobilienscout24.de/expose/133123227
133423696,Exclusive 3 Zimmer Wohnung mit wunderschönen Möbeln und hochwertiger Austattung direkt am Hackeschen,10178,4250.0,Rosenthaler Str.,45,Berlin,Mitte (Mitte),52.52402,13.40306,93.0,3.0,true,false,N/A,false,https://www.immobilienscout24.de/expose/133423696
133162867,Ruhig gelegene 2 Zimmer Wohnung,12169,1100.0,Immenweg,9,Berlin,Steglitz (Steglitz),52.45147,13.34572,68.0,2.0,true,false,N/A,true,https://www.immobilienscout24.de/expose/133162867
133288672,Möblierte Singlewohnung im Erstbezug am Hochmeisterplatz,10709,1600.0,N/A,N/A,Berlin,Wilmersdorf (Wilmersdorf),N/A,N/A,61.0,2.0,true,false,N/A,true,https://www.immobilienscout24.de/expose/133288672
133288231,Helles Dachgeschoss im Herzen von Dahlem am Schwarzen Grund,14195,3750.0,N/A,N/A,Berlin,Dahlem (Zehlendorf),N/A,N/A,156.0,3.0,true,true,N/A,true,https://www.immobilienscout24.de/expose/133288231
133287694,Beeindruckendes Designer-Loft mit luxuriöser Ausstattung!,13347,10000.0,Lindower Straße 3.1.1,18,Berlin,Wedding (Wedding),52.54433,13.36738,190.0,3.0,true,false,N/A,true,https://www.immobilienscout24.de/expose/133287694
133231404,Elegante Wohnung mit Loft-Charakter im historischen Ensemble - möbliert!,10435,2933.0,Schönhauser Allee,22a-c,Berlin,Prenzlauer Berg (Prenzlauer Berg),52.5337,13.41316,108.0,2.0,true,false,N/A,true,https://www.immobilienscout24.de/expose/133231404
133111285,Erstklassige Residenz mit Concierge im Diplomatenpark!,10785,3875.0,Clara-Wieck-Straße,4,Berlin,Tiergarten (Tiergarten),52.50912,13.35595,155.0,4.0,true,false,N/A,true,https://www.immobilienscout24.de/expose/133111285
132958354,"***IHR ganz privates Luxus-Penthouse-Refugium, nahe Schloss Charlottenburg!***",14059,3475.0,Heubnerweg,9,Berlin,Charlottenburg (Charlottenburg),52.52379,13.28796,178.4,4.0,true,false,N/A,true,https://www.immobilienscout24.de/expose/132958354
132820329,Erstbezug - Großzügiges Loft am Volkspark Friedrichshain!,10245,1550.0,"Landsberger Allee, WE06",20-22,Berlin,Friedrichshain (Friedrichshain),52.52312,13.43637,72.0,1.0,false,false,N/A,true,https://www.immobilienscout24.de/expose/132820329
132460452,Luxuriöses Loft mit mondäner Ausstattung und beeindruckenden Ausblicken - Erstbezug!,13347,4800.0,Lindower Straße 5.2.2,18,Berlin,Wedding (Wedding),52.54433,13.36738,73.0,2.0,false,false,N/A,true,https://www.immobilienscout24.de/expose/132460452
125369419,Der Himmel über Berlin: Exklusive Dachterrassenwohnung in Schöneberger Kiezlage ,10827,2899.0,Gustav-Freytag-Straße,8,Berlin,Schöneberg (Schöneberg),52.48046,13.35005,139.0,4.0,false,false,N/A,true,https://www.immobilienscout24.de/expose/125369419
133494280,Modernisierte 2-Zimmer Wohnung in ruhiger Lage!,13581,1000.0,Johannastr.,52,Berlin,Spandau (Spandau),52.53038,13.17776,67.0,2.0,true,true,N/A,false,https://www.immobilienscout24.de/expose/133494280
133426681,"Ruhige Dachgeschosswohnung nahe Walther-Schreiber-Platz mit EBK, Terrasse, zwei Bäder uvm.",12161,1366.22,Rheinstraße,32,Berlin,Friedenau (Schöneberg),52.4689,13.33262,105.5,3.5,true,false,N/A,true,https://www.immobilienscout24.de/expose/133426681
133499419,"Schöne, geräumige vier Zimmer Wohnung in Berlin, Niederschoenhausen (Pankow)",13156,1700.0,Platanenstr.,15A,Berlin,Niederschönhausen (Pankow),52.58521,13.39645,150.0,4.5,true,false,N/A,true,https://www.immobilienscout24.de/expose/133499419
133500151,Attraktive 3-Zimmer Wohnung ab 01. August I Küche I Aufzug I Concierge,10585,1840.0,Zillestr.,50,Berlin,Charlottenburg (Charlottenburg),52.51369,13.30891,92.0,3.0,true,false,N/A,true,https://www.immobilienscout24.de/expose/133500151
133499077,Maison Roseneck: Exklusives Wohnen im 3. OG. mit zwei Sonnenbalkonen im Erstbezug,14199,2026.0,Ruhlaer Straße,21,Berlin,Schmargendorf (Wilmersdorf),52.47785,13.28436,84.4,3.0,true,false,N/A,true,https://www.immobilienscout24.de/expose/133499077
132542952,Genießen Sie Berlin von oben! Mit 2 Terrassen!,14199,2026.0,Hohenzollerndamm,57,Berlin,Schmargendorf (Wilmersdorf),52.48648,13.29716,90.06,4.0,true,false,N/A,false,https://www.immobilienscout24.de/expose/132542952
133355827,das gibt es nur ganz selten - großzügige Dachgeschosswohnung mit allem Drum und Dran,10717,3590.0,Uhlandstraße,130,Berlin,Wilmersdorf (Wilmersdorf),52.49207,13.32381,231.25,5.0,true,false,N/A,false,https://www.immobilienscout24.de/expose/133355827
125825014,"Hochwertig möblierte Wohnung mit Balkon im Palais ""Varnhagen"" von David Chipperfield in Berlin-Mitte",10117,2430.0,Französische Straße,56-60,Berlin,Mitte (Mitte),52.51469,13.38749,80.44,2.0,true,false,N/A,true,https://www.immobilienscout24.de/expose/125825014
129126714,Neubau-Erstbezug - Sehr schöne 5-Zimmer-Penthauswohnung in Lichterfelde-West direkt am Teltowkanal,12207,3475.2,Bäkestr.,7,Berlin,Lichterfelde (Steglitz),52.43515,13.3146,173.76,5.0,true,false,N/A,false,https://www.immobilienscout24.de/expose/129126714
133485133,möblierte Wohnung*KUDAMM um die ECKE* in den LEIBNIZ KOLONNADEN*EBK,10629,1500.0,Walter-Benjamin-Platz,5,Berlin,Charlottenburg (Charlottenburg),52.50167,13.31485,85.8,2.0,false,false,N/A,true,https://www.immobilienscout24.de/expose/133485133
133471707,"Lausitzer Straße 34, 10999 Berlin",10999,1800.0,Lausitzer Straße,34,Berlin,Kreuzberg (Kreuzberg),52.49571,13.42762,73.0,2.0,false,false,N/A,true,https://www.immobilienscout24.de/expose/133471707
130820786,"HELLE UND MODERNE 3-ZIMMER-WOHNUNG (ME030) MIT EINBAUKÜCHE, KAMIN UND BALKON AM BERLINER ZOO",10787,1875.0,Budapester Straße,43,Berlin,Charlottenburg (Charlottenburg),52.50506,13.3399,96.0,3.0,true,false,N/A,true,https://www.immobilienscout24.de/expose/130820786
132392363,Erstbezug! Wunderschöne 3 Zimmer Wohnung mit Balkon und Terrasse,10245,2704.32,Krachtstraße,8,Berlin,Friedrichshain (Friedrichshain),52.49647,13.46971,150.24,3.0,true,false,N/A,false,https://www.immobilienscout24.de/expose/132392363
133349734,charmante 2-Zimmer-Dachgeschosswohnung mit *großzügigem Wohnzimmer*,13127,869.0,Hauptstr.,8,Berlin,Französisch Buchholz (Pankow),52.60381,13.43161,81.82,2.0,false,true,N/A,false,https://www.immobilienscout24.de/expose/133349734
111847756,Sonniges Penthouse nahe Savignyplatz!,10629,1745.46,Wielandstr.,13,Berlin,Charlottenburg (Charlottenburg),52.50378,13.31493,96.97,2.0,true,false,N/A,true,https://www.immobilienscout24.de/expose/111847756
133341931,***First occupancy in Schöneberg: Fully furnished 2-room-apartment with balcony***,10779,1200.0,Barbarossastraße,45,Berlin,Schöneberg (Schöneberg),52.49211,13.34417,53.0,2.0,true,false,N/A,true,https://www.immobilienscout24.de/expose/133341931
125776060,"Schöne, geräumige zwei Zimmer Wohnung in Berlin, Wannsee (Zehlendorf)",14109,1206.0,Otto-Erich-Str.,9 B,Berlin,Wannsee (Zehlendorf),52.41675,13.14217,104.0,2.5,true,true,N/A,true,https://www.immobilienscout24.de/expose/125776060
133468068,Erstbezug Penthouse Wohnung nähe Nollendorfplatz,10785,2300.0,Kurfürstenstr.,43,Berlin,Tiergarten (Tiergarten),52.50086,13.35947,77.7,2.0,true,true,N/A,true,https://www.immobilienscout24.de/expose/133468068
133468576,Lovely flat close to Mauerpark / 2 Zimmer Wohnung nahe Mauerpark,10437,1150.0,Kopenhagener Straße,X,Berlin,Prenzlauer Berg (Prenzlauer Berg),52.54898,13.40694,48.0,2.0,false,false,N/A,true,https://www.immobilienscout24.de/expose/133468576
133449882,erstbezug: 4 Zi-DG Whg in der Oderbergerstr mit Terrasse Atrium u. EBK (WE9),10435,3429.53,N/A,N/A,Berlin,Prenzlauer Berg (Prenzlauer Berg),N/A,N/A,149.11,4.0,true,false,N/A,true,https://www.immobilienscout24.de/expose/133449882
133180082,Hübsche 2-Zi-Whg mit Balkon EBK u. AUFZUG (green 44),10435,1555.0,N/A,N/A,Berlin,Prenzlauer Berg (Prenzlauer Berg),N/A,N/A,68.5,2.0,true,false,N/A,true,https://www.immobilienscout24.de/expose/133180082
111392127,"Großzügige 3,5-Zimmer-Wohnung in Lichterfelde ~ Eichenparkett ~ neue Einbauküche ~ Fußbodenheizung ~",12207,1625.0,N/A,N/A,Berlin,Lichterfelde (Steglitz),N/A,N/A,125.02,3.5,true,true,N/A,true,https://www.immobilienscout24.de/expose/111392127
133210120,Ihre Penthouse Wohnung im Norden - ein 1. Eindruck unser Video,13467,3728.0,Wachsmuthstraße,9,Berlin,Hermsdorf (Reinickendorf),52.61646,13.31279,233.0,3.0,true,true,N/A,true,https://www.immobilienscout24.de/expose/133210120
130292828,Neubau in Köpenick/ Altstadt fußläufig/ 5 Minuten zum Wasser,12557,970.0,Mahlower Straße,16D,Berlin,Köpenick (Köpenick),52.43904,13.56718,59.0,2.0,true,false,N/A,false,https://www.immobilienscout24.de/expose/130292828
133581110,Leben im impulsiven Friedrichshain! Gepflegte 2-Zimmer Wohnung in beliebter Lage,10247,333.99,Gürtelstr.,27,Berlin,Friedrichshain (Friedrichshain),52.50902,13.47315,40.43,2.0,false,false,N/A,false,https://www.immobilienscout24.de/expose/133581110
133449037,Erstbezug - Neubau 2 Zimmerwohnung mit Fußbodenheizung! WBS erforderlich!,12687,367.56,Karl-Holtz-Straße,12,Berlin,Marzahn (Marzahn),52.55251,13.56799,54.86,2.0,true,false,N/A,false,https://www.immobilienscout24.de/expose/133449037
133454387,Schöne Singlewohnung mit großem Balkon in Lichtenberg!,10315,182.33,Löwenberger Straße,4,Berlin,Friedrichsfelde (Lichtenberg),52.51105,13.50808,25.5,1.0,true,false,N/A,false,https://www.immobilienscout24.de/expose/133454387
131835730,Tauschwohnung: 3 Zi Graefekiez/Balkon und Garten suchen ab 4 Zi,10967,571.0,N/A,N/A,Berlin,Kreuzberg (Kreuzberg),N/A,N/A,82.0,3.0,true,true,N/A,true,https://www.immobilienscout24.de/expose/131835730
133454038,"Moderne, helle Single-Altbauwohnung im schönen Moabit!",10559,344.62,Havelberger Str.,18,Berlin,Tiergarten (Tiergarten),52.53424,13.34666,39.21,1.0,false,false,N/A,false,https://www.immobilienscout24.de/expose/133454038
133453711,"Moderne, helle Singlewohnung mit Balkon zu vermieten!",10319,313.95,Mellenseestraße,34,Berlin,Friedrichsfelde (Lichtenberg),52.49231,13.512,39.0,1.0,true,false,N/A,false,https://www.immobilienscout24.de/expose/133453711
133453682,Schöne 1-Zimmer-Altbauwohnung nahe Schloßstraße,12203,358.39,Gélieustr.,10,Berlin,Lichterfelde (Steglitz),52.45064,13.31733,38.24,1.0,false,false,N/A,false,https://www.immobilienscout24.de/expose/133453682
133580401,Tauschwohnung: Schöne 2 Zi-Maisonette-Whg. in Fhain gegen 2-3 Zi-Wohnung,10247,435.0,N/A,N/A,Berlin,Friedrichshain (Friedrichshain),N/A,N/A,64.0,2.0,false,false,N/A,true,https://www.immobilienscout24.de/expose/133580401
132112329,"Helle 2,5 Zimmer-Whg in Berlin-Lankwitz zunächst für 5 Jahre zu vermieten",12247,900.0,N/A,N/A,Berlin,Lankwitz (Steglitz),N/A,N/A,65.0,2.5,true,true,N/A,true,https://www.immobilienscout24.de/expose/132112329
112261228,"Fully Furnished, Bright, Altbau Apartment with a Balcony near the Kudam",10709,1300.0,Schweidnitzer straße,8,Berlin,Wilmersdorf (Wilmersdorf),52.49372,13.29706,50.0,2.0,true,false,N/A,true,https://www.immobilienscout24.de/expose/112261228
131835304,Tauschwohnung:  Wohnung mit Parkblick in Charlottenburg ,10585,350.0,N/A,N/A,Berlin,Charlottenburg (Charlottenburg),N/A,N/A,64.0,3.0,true,false,N/A,true,https://www.immobilienscout24.de/expose/131835304
131835302,Tauschwohnung: 3-Zimmer Belle Etage im Wedding gegen Treptow und Umgebung,13347,900.0,N/A,N/A,Berlin,Wedding (Wedding),N/A,N/A,98.0,3.0,true,false,N/A,false,https://www.immobilienscout24.de/expose/131835302
131835299,"Tauschwohnung: 2 Zimmer Altbau-Wohnung in Mitte gegen 3, 3,5 oder 4-Zimmer",10115,545.0,N/A,N/A,Berlin,Mitte (Mitte),N/A,N/A,59.0,2.0,false,false,N/A,false,https://www.immobilienscout24.de/expose/131835299
131835294,Tauschwohnung: Helle gut geschnittene 2 Zimmer Wohnung in Top Lage,10405,577.0,N/A,N/A,Berlin,Prenzlauer Berg (Prenzlauer Berg),N/A,N/A,53.0,2.0,false,false,N/A,true,https://www.immobilienscout24.de/expose/131835294
133580271,Home Select XS | 28m² 1-Zimmer Wohnung in Berlin,10625,830.0,Leibnizstraße,85,Berlin,Charlottenburg (Charlottenburg),52.50965,13.31394,27.95,1.0,false,true,N/A,true,https://www.immobilienscout24.de/expose/133580271
133099506,Vollmöblierte & hochwertig ausgestattete 1-Zimmer Wohnung in direkter Umgebung des Kurfürstendamm,10719,1660.0,Lietzenburger Str.,56,Berlin,Charlottenburg (Charlottenburg),52.50061,13.32956,38.0,1.0,false,false,N/A,true,https://www.immobilienscout24.de/expose/133099506
133367681,DENKMALSANIERTE - 3 ZIMMER WOHNUNG - HOCHPARTERRE - 2 TERRASSEN - TG SP,10365,1375.0,Im Lindenhof,5,Berlin,Lichtenberg (Lichtenberg),52.51834,13.50806,76.37,3.0,true,false,N/A,false,https://www.immobilienscout24.de/expose/133367681
133579994,"Pärchen aufgepasst, hoch hinaus bis unters Dach!",12627,499.65,Martin-Riesenburger-Straße,9,Berlin,Hellersdorf (Hellersdorf),52.53448,13.61162,57.39,2.0,true,false,N/A,false,https://www.immobilienscout24.de/expose/133579994
133579760,Wunderschöne 3- Zimmerwohnung direkt am Viktoria Luise Platz mit Balkon,10777,2400.0,Viktoria-Luise-Platz,3,Berlin,Schöneberg (Schöneberg),52.49639,13.34245,108.0,3.0,true,false,N/A,true,https://www.immobilienscout24.de/expose/133579760
132696552,Familienwohnung mit Balkon und Aufzug,13587,859.0,Am Forstacker,25,Berlin,Spandau (Spandau),52.56479,13.2011,72.4,3.0,true,false,N/A,false,https://www.immobilienscout24.de/expose/132696552
131834499,Tauschwohnung: Sanierte 3 Zimmer in Berlin Wedding (EBK und Balkon),13347,713.0,N/A,N/A,Berlin,Wedding (Wedding),N/A,N/A,85.0,3.0,true,true,N/A,true,https://www.immobilienscout24.de/expose/131834499
131834497,Tauschwohnung: Moderner Altbau in ruhiger Toplage (Lietzensee),14057,520.0,N/A,N/A,Berlin,Charlottenburg (Charlottenburg),N/A,N/A,79.0,2.0,false,false,N/A,true,https://www.immobilienscout24.de/expose/131834497
131834492,Tauschwohnung: Sanierte 4ZW mit 2 Balkonen und EBK in ruhiger Lage (Mitte),10179,1472.0,N/A,N/A,Berlin,Mitte (Mitte),N/A,N/A,90.0,4.0,true,false,N/A,true,https://www.immobilienscout24.de/expose/131834492
131834485,Tauschwohnung: 1 Zimmerwohnung mit Garten gegen 2 Zimmerwohnung m. Balkon,10249,384.0,N/A,N/A,Berlin,Friedrichshain (Friedrichshain),N/A,N/A,40.0,1.0,true,false,N/A,false,https://www.immobilienscout24.de/expose/131834485
131834380,"Tauschwohnung: Tausche 1,5 Zimmer Kreuzberg gegen größere Whg+balkon KB/NK",10997,357.0,N/A,N/A,Berlin,Kreuzberg (Kreuzberg),N/A,N/A,30.0,1.5,false,false,N/A,true,https://www.immobilienscout24.de/expose/131834380
133174143,"Tolles Penthouse mit On-Top-Terrasse, Whirlpool, Sauna, Kamin, Beamer, Sonos-Soundanlage, u.v.m.",10707,3650.0,Lietzenburger Straße,101,Berlin,Wilmersdorf (Wilmersdorf),52.49942,13.31874,147.0,3.0,true,false,N/A,true,https://www.immobilienscout24.de/expose/133174143
133579611,Home Essential M | 59m² Wohnung mit 2 Zimmern in Berlin,10318,750.0,Rheinsteinstraße,15A,Berlin,Karlshorst (Lichtenberg),52.4835,13.52833,59.2,2.0,true,false,N/A,true,https://www.immobilienscout24.de/expose/133579611
131834297,Tauschwohnung: Sonnige und ruhige 2-Zimmer-Wohnung in NK gg. mind.3 Zimmer,12055,341.0,N/A,N/A,Berlin,Neukölln (Neukölln),N/A,N/A,56.0,2.0,true,false,N/A,true,https://www.immobilienscout24.de/expose/131834297
133066645,Home Select L | 85m² Wohnung mit 3 Zimmern in Berlin,10117,1900.0,Kommandantenstraße,70,Berlin,Kreuzberg (Kreuzberg),52.50815,13.40298,85.0,3.0,true,false,N/A,true,https://www.immobilienscout24.de/expose/133066645
132505293,Tauschwohnung: Schöne 2-Raumwohnung in Neukölln/RollbergKiez,12053,710.0,N/A,N/A,Berlin,Neukölln (Neukölln),N/A,N/A,63.0,2.0,true,false,N/A,false,https://www.immobilienscout24.de/expose/132505293
131946590,"DG Neubau Leonhardtstr., warm, mit allen Einbauten und möbliert",14057,2750.0,N/A,N/A,Berlin,Charlottenburg (Charlottenburg),N/A,N/A,76.0,2.0,true,false,N/A,true,https://www.immobilienscout24.de/expose/131946590
133098641,Möblierte 2-Zimmer-Wohnung in Berlin (Mitte) zu vermieten,10179,2500.0,Am Köllnischen Park,17,Berlin,Mitte (Mitte),52.51149,13.4149,55.0,2.0,false,false,N/A,true,https://www.immobilienscout24.de/expose/133098641
131020807,"Gemütliche, 2-Zimmer Altbauwohnung in Weißensee",13086,465.09,Hunsrückstraße,46,Berlin,Weißensee (Weißensee),52.55975,13.45953,56.0,2.0,false,false,N/A,false,https://www.immobilienscout24.de/expose/131020807
131833545,Tauschwohnung: Geliebtes studio Appartment im Herzen CHBs,10587,450.0,N/A,N/A,Berlin,Charlottenburg (Charlottenburg),N/A,N/A,37.0,1.0,true,false,N/A,true,https://www.immobilienscout24.de/expose/131833545
131833516,Tauschwohnung: 83m 3 Zimmer Wohnung in P Berg - 900euro Warmmiete,10435,900.0,N/A,N/A,Berlin,Mitte (Mitte),N/A,N/A,83.0,3.0,false,true,N/A,true,https://www.immobilienscout24.de/expose/131833516
131833238,Tauschwohnung: 2-ZI-WHG IN KB GEGEN EINE GROSSE! ,10997,450.0,N/A,N/A,Berlin,Kreuzberg (Kreuzberg),N/A,N/A,43.0,2.0,false,false,N/A,true,https://www.immobilienscout24.de/expose/131833238
132319068,"Else-Lasker-Schüler-Straße 2, 10783 Berlin",10783,4900.0,Else-Lasker-Schüler-Straße,2,Berlin,Schöneberg (Schöneberg),52.50057,13.35731,165.0,3.5,false,false,N/A,false,https://www.immobilienscout24.de/expose/132319068
131833108,"Tauschwohnung: Sanierter Altbau in NK gegen min. 3 Z. Wohnung in NK, KB, TH",12053,767.0,N/A,N/A,Berlin,Neukölln (Neukölln),N/A,N/A,62.0,2.5,true,false,N/A,true,https://www.immobilienscout24.de/expose/131833108
133402768,2-Zimmer-Wohnung zzgl. Hobbyraum und Gartengrundstück in Charlottenburg,10629,1052.0,Dahlmannstr.,6,Berlin,Charlottenburg (Charlottenburg),52.50243,13.30333,106.0,3.0,false,true,N/A,true,https://www.immobilienscout24.de/expose/133402768
133578969,"Erstbezug für Wunderschöne 4 Zimmer Whg. mit Terrasse, nähe Friedrichshain",10315,1745.0,Rummelsburger Str.,98,Berlin,Friedrichsfelde (Lichtenberg),52.49955,13.49501,88.89,4.0,false,false,N/A,false,https://www.immobilienscout24.de/expose/133578969
133578870,"Erstbezug für Wunderschöne 1,5 Zimmer Whg. mit Terrasse, nähe Friedrichshain",10315,1045.0,Rummelsburger Str.,98,Berlin,Friedrichsfelde (Lichtenberg),52.49955,13.49501,44.42,1.5,false,false,N/A,false,https://www.immobilienscout24.de/expose/133578870
133578838,"Zauberhafte Terrassenwohnung mit Kamin, EBK und TG-Stellplatz in direkter Seenähe",14163,1977.52,N/A,N/A,Berlin,Zehlendorf (Zehlendorf),N/A,N/A,152.0,4.0,true,false,N/A,true,https://www.immobilienscout24.de/expose/133578838
133578853,Liebhaber schöner Dielung gesucht - Familien aufgepasst!,12459,474.93,Parsevalstraße,14,Berlin,Oberschöneweide (Köpenick),52.46378,13.51513,67.27,3.0,true,false,N/A,false,https://www.immobilienscout24.de/expose/133578853
133578825,"Erstbezug für Wunderschöne 3 Zimmer Whg. mit Terrasse, nähe Friedrichshain",10315,1546.0,Rummelsburger Str.,98,Berlin,Friedrichsfelde (Lichtenberg),52.49955,13.49501,108.65,3.0,false,false,N/A,false,https://www.immobilienscout24.de/expose/133578825
133578779,Süße kleine Wohnung für Einsteiger,12459,324.93,Fontanestraße,14,Berlin,Oberschöneweide (Köpenick),52.46569,13.51728,47.7,2.0,false,false,N/A,false,https://www.immobilienscout24.de/expose/133578779
